,best_index,param_index,run,f1,accuracy,false_negatives
0,"['1', '2']",1,1,0.6540284360189573,"[0.890881913303438, 0.890881913303438]","[19, 19]"
