,metric,param_index,run_index,indexes,accuracies,false_negatives,false_positives,true_positives,true_negatives
0,0.10467212621781158,1,1,ensemble_or,0.8697717026140792,737,1107,877,9468
1,0.10467212621781158,1,1,ensemble_uniq_or,0.869834414265904,737,1106,877,9000
2,0.10431861279767854,1,2,ensemble_or,0.8701391347313933,742,1096,872,9010
3,0.10416061815143884,1,3,ensemble_or,0.8751475754680437,743,1022,871,9084
