{
    "0": [
        {
            "parameters": {
                "Solar8000_VENT_MAWP": {
                    "lower_bound": 6.838903622750181,
                    "upper_bound": 7.113488655521015,
                    "seq_lower_bound": 0,
                    "seq_upper_bound": 2
                }
            },
            "support": 0.031141995062631433,
            "confidence": 0.9001057082452432,
            "lift": 6.070828891883463,
            "fitness": 0.027817869426211145
        }
    ],
    "1": [
        {
            "parameters": {
                "Solar8000_VENT_MAWP": {
                    "lower_bound": 6.957737731987244,
                    "upper_bound": 7.079031461388391,
                    "seq_lower_bound": 0,
                    "seq_upper_bound": 1
                }
            },
            "support": 0.029642497942763097,
            "confidence": 0.911186059584036,
            "lift": 6.145561133245314,
            "fitness": 0.022950006562598275
        }
    ],
    "2": [
        {
            "parameters": {
                "Orchestra_RFTN20_RATE": {
                    "lower_bound": 0.0,
                    "upper_bound": 2.19191764834048,
                    "seq_lower_bound": 0,
                    "seq_upper_bound": 0
                }
            },
            "support": 0.03322666179025327,
            "confidence": 0.38398140321217245,
            "lift": 2.589790704817174,
            "fitness": 0.01462657956659952
        }
    ],
    "3": [
        {
            "parameters": {
                "Solar8000_VENT_MAWP": {
                    "lower_bound": 6.840288266340834,
                    "upper_bound": 7.035348803873363,
                    "seq_lower_bound": 0,
                    "seq_upper_bound": 2
                }
            },
            "support": 0.031141995062631433,
            "confidence": 0.9001057082452432,
            "lift": 6.070828891883463,
            "fitness": 0.028376011223694368
        }
    ],
    "4": [
        {
            "parameters": {
                "Orchestra_RFTN20_RATE": {
                    "lower_bound": 0.0,
                    "upper_bound": 4.811581992868907,
                    "seq_lower_bound": 0,
                    "seq_upper_bound": 0
                }
            },
            "support": 0.034323854804791075,
            "confidence": 0.3526207026113094,
            "lift": 2.3782761620990938,
            "fitness": 0.012926472923622962
        }
    ],
    "5": [
        {
            "parameters": {
                "Solar8000_VENT_MAWP": {
                    "lower_bound": 6.850452624004617,
                    "upper_bound": 7.024057252272808,
                    "seq_lower_bound": 0,
                    "seq_upper_bound": 2
                }
            },
            "support": 0.031141995062631433,
            "confidence": 0.9001057082452432,
            "lift": 6.070828891883463,
            "fitness": 0.02845666516369833
        }
    ],
    "6": [
        {
            "parameters": {
                "Orchestra_RFTN20_RATE": {
                    "lower_bound": 0.0,
                    "upper_bound": 0.4298989911607265,
                    "seq_lower_bound": 0,
                    "seq_upper_bound": 0
                }
            },
            "support": 0.03315351558928408,
            "confidence": 0.3845990666100976,
            "lift": 2.593956580855104,
            "fitness": 0.014755755386856195
        }
    ],
    "7": [
        {
            "parameters": {
                "Solar8000_VENT_MAWP": {
                    "lower_bound": 6.554487468006979,
                    "upper_bound": 7.11582693037929,
                    "seq_lower_bound": 0,
                    "seq_upper_bound": 2
                }
            },
            "support": 0.031141995062631433,
            "confidence": 0.9001057082452432,
            "lift": 6.070828891883463,
            "fitness": 0.027801167462937745
        }
    ],
    "8": [
        {
            "parameters": {
                "Orchestra_RFTN20_RATE": {
                    "lower_bound": 0.0,
                    "upper_bound": 0.7882683804163904,
                    "seq_lower_bound": 0,
                    "seq_upper_bound": 0
                }
            },
            "support": 0.03317180213952638,
            "confidence": 0.38456646173415304,
            "lift": 2.593736674880631,
            "fitness": 0.014739702402521001
        }
    ],
    "9": [
        {
            "parameters": {
                "Solar8000_VENT_MAWP": {
                    "lower_bound": 6.984524254011845,
                    "upper_bound": 7.019084424020839,
                    "seq_lower_bound": 0,
                    "seq_upper_bound": 2
                }
            },
            "support": 0.031141995062631433,
            "confidence": 0.9001057082452432,
            "lift": 6.070828891883463,
            "fitness": 0.028492185365498107
        }
    ]
}