,metric,param_index,run_index,indexes,accuracies,false_negatives,false_positives,true_positives,true_negatives
0,0.10139560096565686,2,1,ensemble_or,0.906853050320904,851,362,1177,4997
1,0.10139560096565686,2,1,ensemble_uniq_or,0.906853050320904,851,362,1177,4997
2,0.10064097065456096,2,2,ensemble_or,0.9294659593295854,856,72,1172,1187
3,0.10060647209273953,2,2,ensemble_uniq_or,0.9294181764549676,857,72,1171,1187
