{
    "0": [
        {
            "parameters": {
                "Orchestra_RFTN20_CT": {
                    "lower_bound": 0.0,
                    "upper_bound": 0.06108558775989881,
                    "seq_lower_bound": 2,
                    "seq_upper_bound": 2
                }
            },
            "support": 0.018364245564567807,
            "confidence": 0.9269870609981515,
            "lift": 6.2521321448796146,
            "fitness": 0.02556893065043826
        }
    ],
    "1": [
        {
            "parameters": {
                "Solar8000_VENT_MAWP": {
                    "lower_bound": 6.901997556628691,
                    "upper_bound": 7.191949062119614,
                    "seq_lower_bound": 0,
                    "seq_upper_bound": 0
                }
            },
            "support": 0.02797842187071409,
            "confidence": 0.9244712990936556,
            "lift": 6.235164404407566,
            "fitness": 0.016637439378973315
        }
    ],
    "2": [
        {
            "parameters": {
                "Solar8000_VENT_MAWP": {
                    "lower_bound": 6.8975848084092615,
                    "upper_bound": 7.230602070403095,
                    "seq_lower_bound": 6,
                    "seq_upper_bound": 6
                }
            },
            "support": 0.027862924689341238,
            "confidence": 0.923919659160073,
            "lift": 6.231443828461839,
            "fitness": 0.015562931717816593
        }
    ],
    "3": [
        {
            "parameters": {
                "Solar8000_VENT_MAWP": {
                    "lower_bound": 6.849975927374907,
                    "upper_bound": 7.189021947620084,
                    "seq_lower_bound": 0,
                    "seq_upper_bound": 0
                }
            },
            "support": 0.02797842187071409,
            "confidence": 0.9244712990936556,
            "lift": 6.235164404407566,
            "fitness": 0.016658347339684243
        }
    ],
    "4": [
        {
            "parameters": {
                "Solar8000_VENT_MAWP": {
                    "lower_bound": 6.882781361420334,
                    "upper_bound": 7.008862739627467,
                    "seq_lower_bound": 0,
                    "seq_upper_bound": 0
                }
            },
            "support": 0.02797842187071409,
            "confidence": 0.9244712990936556,
            "lift": 6.235164404407566,
            "fitness": 0.017945198825345794
        }
    ],
    "5": [
        {
            "parameters": {
                "Solar8000_VENT_MAWP": {
                    "lower_bound": 6.866801418342695,
                    "upper_bound": 7.013457294420861,
                    "seq_lower_bound": 4,
                    "seq_upper_bound": 4
                }
            },
            "support": 0.027901519734550587,
            "confidence": 0.9241044323011536,
            "lift": 6.232690044448518,
            "fitness": 0.01737979324992394
        }
    ],
    "6": [
        {
            "parameters": {
                "Orchestra_RFTN20_RATE": {
                    "lower_bound": 0.0,
                    "upper_bound": 3.091700112845868,
                    "seq_lower_bound": 7,
                    "seq_upper_bound": 7
                }
            },
            "support": 0.03355556779987878,
            "confidence": 0.3837429111531191,
            "lift": 2.588182177652728,
            "fitness": 0.01476182816528856
        }
    ],
    "7": [
        {
            "parameters": {
                "Solar8000_VENT_MAWP": {
                    "lower_bound": 6.935876164878181,
                    "upper_bound": 7.13117689062918,
                    "seq_lower_bound": 5,
                    "seq_upper_bound": 5
                }
            },
            "support": 0.02788223424745483,
            "confidence": 0.9240121580547113,
            "lift": 6.232067694033286,
            "fitness": 1.180829899020607
        }
    ],
    "8": [
        {
            "parameters": {
                "Solar8000_VENT_MAWP": {
                    "lower_bound": 6.747872275239193,
                    "upper_bound": 7.062945416503996,
                    "seq_lower_bound": 0,
                    "seq_upper_bound": 0
                }
            },
            "support": 0.02797842187071409,
            "confidence": 0.9244712990936556,
            "lift": 6.235164404407566,
            "fitness": 1.1823374463661265
        }
    ],
    "9": [
        {
            "parameters": {
                "Solar8000_VENT_MAWP": {
                    "lower_bound": 6.747872275239193,
                    "upper_bound": 7.062945416503996,
                    "seq_lower_bound": 0,
                    "seq_upper_bound": 0
                }
            },
            "support": 0.02797842187071409,
            "confidence": 0.9244712990936556,
            "lift": 6.235164404407566,
            "fitness": 1.1823374463661265
        }
    ]
}