{
    "0": [
        {
            "parameters": {
                "Orchestra_RFTN20_CT": {
                    "lower_bound": 0.0,
                    "upper_bound": 0.08443798907299005,
                    "seq_lower_bound": 1,
                    "seq_upper_bound": 1
                }
            },
            "support": 0.019247728231279477,
            "confidence": 0.9270544783010157,
            "lift": 5.967770281258413,
            "fitness": 0.0253167518171342
        }
    ],
    "1": [
        {
            "parameters": {
                "Orchestra_RFTN20_RATE": {
                    "lower_bound": 0.0,
                    "upper_bound": 0.28916658812012663,
                    "seq_lower_bound": 11,
                    "seq_upper_bound": 11
                }
            },
            "support": 0.034682303923459744,
            "confidence": 0.3994667851588536,
            "lift": 2.571505844176271,
            "fitness": 0.015776811817849904
        }
    ],
    "2": [
        {
            "parameters": {
                "Solar8000_VENT_MAWP": {
                    "lower_bound": 7.9678852243992635,
                    "upper_bound": 8.013895554500056,
                    "seq_lower_bound": 11,
                    "seq_upper_bound": 11
                }
            },
            "support": 0.037421395779483814,
            "confidence": 0.6434494195688225,
            "lift": 4.1421064386994475,
            "fitness": -0.002371210015636921
        }
    ],
    "3": [
        {
            "parameters": {
                "Solar8000_VENT_MAWP": {
                    "lower_bound": 6.930869796876782,
                    "upper_bound": 7.0111627781719985,
                    "seq_lower_bound": 6,
                    "seq_upper_bound": 6
                }
            },
            "support": 0.02919118495442483,
            "confidence": 0.923919659160073,
            "lift": 5.947590366329655,
            "fitness": 0.017127227891809878
        }
    ],
    "4": [
        {
            "parameters": {
                "Solar8000_VENT_MAWP": {
                    "lower_bound": 6.956567350410219,
                    "upper_bound": 7.22953653830379,
                    "seq_lower_bound": 3,
                    "seq_upper_bound": 3
                }
            },
            "support": 0.02925256247840608,
            "confidence": 0.9241964827167981,
            "lift": 5.949372375298539,
            "fitness": 0.01596782941178914
        }
    ],
    "5": [
        {
            "parameters": {
                "Solar8000_VENT_MAWP": {
                    "lower_bound": 6.955634787476364,
                    "upper_bound": 7.0496636232501455,
                    "seq_lower_bound": 8,
                    "seq_upper_bound": 8
                }
            },
            "support": 0.02915014055219685,
            "confidence": 0.9237339841366687,
            "lift": 5.946395111991772,
            "fitness": 0.016585677675239573
        }
    ],
    "6": [
        {
            "parameters": {
                "Solar8000_VENT_MAWP": {
                    "lower_bound": 6.914559711345353,
                    "upper_bound": 7.024870354156813,
                    "seq_lower_bound": 0,
                    "seq_upper_bound": 0
                }
            },
            "support": 0.02931371422002529,
            "confidence": 0.9244712990936556,
            "lift": 5.951141463356469,
            "fitness": 0.017830858721564757
        }
    ],
    "7": [
        {
            "parameters": {
                "Solar8000_VENT_MAWP": {
                    "lower_bound": 6.835972667790244,
                    "upper_bound": 7.018612775088785,
                    "seq_lower_bound": 9,
                    "seq_upper_bound": 9
                }
            },
            "support": 0.02912958039533002,
            "confidence": 0.9236408063530849,
            "lift": 5.945795294375051,
            "fitness": 0.016674317359946185
        }
    ],
    "8": [
        {
            "parameters": {
                "Solar8000_VENT_MAWP": {
                    "lower_bound": 6.804021383373184,
                    "upper_bound": 7.022429710153161,
                    "seq_lower_bound": 5,
                    "seq_upper_bound": 5
                }
            },
            "support": 0.029211669293154476,
            "confidence": 0.9240121580547113,
            "lift": 5.948185813703454,
            "fitness": 1.1598656517909507
        }
    ],
    "9": [
        {
            "parameters": {
                "Orchestra_RFTN20_CT": {
                    "lower_bound": 0.0,
                    "upper_bound": 0.15659491227280853,
                    "seq_lower_bound": 0,
                    "seq_upper_bound": 0
                }
            },
            "support": 0.01925508679158524,
            "confidence": 0.9271217712177122,
            "lift": 5.968203469035184,
            "fitness": 1.1546992300668906
        }
    ]
}