,best_index,param_index,run,f1,accuracy,false_negatives
0,"['0', '1', '2', '3', '4', '5']",2,2,0.6233766233766235,"[0.7923627684964201, 0.7923627684964201, 0.7923627684964201, 0.7923627684964201, 0.7923627684964201, 0.7923627684964201]","[87, 87, 87, 87, 87, 87]"
