,best_index,param_index,run,f1,accuracy,false_negatives,average_f1
0,['0'],1,2,0.9880478087649402,[0.9928400954653938],[0],0.8077077387257465
