,best_index,param_index,run,f1,accuracy,false_negatives,average_f1
0,['0'],1,1,0.9863013698630138,[0.9952267303102624],[2],0.8294875490590926
