{
    "npp_c_cali": [
        {
            "parameters": {
                "npp_c_caliAir_TempC_Avg": {
                    "lower_bound": -3.4692913843331796,
                    "upper_bound": 8.572333336842267,
                    "seq_lower_bound": 0,
                    "seq_upper_bound": 0
                }
            },
            "support": 0.07770472205618649,
            "confidence": 0.6372549019607843,
            "lift": 6.198415412676699,
            "fitness": 0.6731557128017126
        }
    ],
    "npp_c_grav": [
        {
            "parameters": {
                "npp_m_nortAir_TempC_Avg": {
                    "lower_bound": -2.610477861571002,
                    "upper_bound": 6.607634755299888,
                    "seq_lower_bound": 0,
                    "seq_upper_bound": 0
                }
            },
            "support": 0.09982068141063957,
            "confidence": 0.7488789237668162,
            "lift": 5.5192706584223945,
            "fitness": 0.8426667272472681
        }
    ],
    "npp_c_sand": [
        {
            "parameters": {
                "npp_p_collAir_TempC_Avg": {
                    "lower_bound": -3.2836774791301013,
                    "upper_bound": 6.210602132751679,
                    "seq_lower_bound": 0,
                    "seq_upper_bound": 0
                }
            },
            "support": 0.09205020920502092,
            "confidence": 0.7586206896551724,
            "lift": 5.768965517241379,
            "fitness": 0.8102952975617009
        }
    ],
    "npp_g_basn": [
        {
            "parameters": {
                "npp_m_rabbAir_TempC_Avg": {
                    "lower_bound": -2.4038866067982707,
                    "upper_bound": 10.845265385266197,
                    "seq_lower_bound": 0,
                    "seq_upper_bound": 0
                }
            },
            "support": 0.1835026897788404,
            "confidence": 0.7172897196261683,
            "lift": 3.5294873556899398,
            "fitness": 1.2343549787460593
        }
    ],
    "npp_g_ibpe": [
        {
            "parameters": {
                "npp_p_toboAir_TempC_Avg": {
                    "lower_bound": -3.0898962301418,
                    "upper_bound": 10.717038634296214,
                    "seq_lower_bound": 0,
                    "seq_upper_bound": 1
                }
            },
            "support": 0.21398684997011358,
            "confidence": 0.6884615384615385,
            "lift": 2.968546788263283,
            "fitness": 1.2628394788156452
        }
    ],
    "npp_g_summ": [
        {
            "parameters": {
                "npp_p_collAir_TempC_Avg": {
                    "lower_bound": -5.25,
                    "upper_bound": 0.5529884533049814,
                    "seq_lower_bound": 0,
                    "seq_upper_bound": 0
                }
            },
            "support": 0.019127316198445904,
            "confidence": 0.9142857142857143,
            "lift": 12.537704918032786,
            "fitness": 0.5379607750776174
        }
    ],
    "npp_m_nort": [
        {
            "parameters": {
                "npp_p_smalAir_TempC_Avg": {
                    "lower_bound": -5.23,
                    "upper_bound": 9.18458069686543,
                    "seq_lower_bound": 0,
                    "seq_upper_bound": 0
                }
            },
            "support": 0.17095038852361027,
            "confidence": 0.7944444444444444,
            "lift": 3.7229847494553376,
            "fitness": 1.4412705966997066
        }
    ],
    "npp_m_rabb": [
        {
            "parameters": {
                "npp_p_toboAir_TempC_Min": {
                    "lower_bound": -12.759005356045872,
                    "upper_bound": -3.9128625220240334,
                    "seq_lower_bound": 0,
                    "seq_upper_bound": 8
                }
            },
            "support": 0.20860729228930067,
            "confidence": 0.6333938294010889,
            "lift": 2.8333365684171703,
            "fitness": 0.9978674570020616
        }
    ],
    "npp_m_well": [
        {
            "parameters": {
                "npp_p_toboAir_TempC_Min": {
                    "lower_bound": -13.659300093311805,
                    "upper_bound": -4.404423978829237,
                    "seq_lower_bound": 0,
                    "seq_upper_bound": 7
                }
            },
            "support": 0.20382546323968917,
            "confidence": 0.693089430894309,
            "lift": 3.0275159735931565,
            "fitness": 1.0466874108865918
        }
    ],
    "npp_p_coll": [
        {
            "parameters": {
                "npp_p_toboAir_TempC_Avg": {
                    "lower_bound": 0.8349003142345977,
                    "upper_bound": 9.90662023269027,
                    "seq_lower_bound": 0,
                    "seq_upper_bound": 6
                }
            },
            "support": 0.2301255230125523,
            "confidence": 0.6219709208400647,
            "lift": 2.544150001382465,
            "fitness": 1.1707535485546616
        }
    ],
    "npp_p_smal": [
        {
            "parameters": {
                "npp_t_eastAir_TempC_Avg": {
                    "lower_bound": 3.4620942072265875,
                    "upper_bound": 12.140983500698795,
                    "seq_lower_bound": 0,
                    "seq_upper_bound": 12
                }
            },
            "support": 0.25403466826060966,
            "confidence": 0.5584756898817346,
            "lift": 2.1429583237893164,
            "fitness": 1.251315307748301
        }
    ],
    "npp_p_tobo": [
        {
            "parameters": {
                "npp_p_toboAir_TempC_Avg": {
                    "lower_bound": -3.232289296110526,
                    "upper_bound": 11.739557691167498,
                    "seq_lower_bound": 0,
                    "seq_upper_bound": 1
                }
            },
            "support": 0.25523012552301255,
            "confidence": 0.7652329749103942,
            "lift": 2.7710709242967306,
            "fitness": 1.85735581145346
        }
    ],
    "npp_t_east": [
        {
            "parameters": {
                "npp_t_eastAir_TempC_Avg": {
                    "lower_bound": -2.2364084654594794,
                    "upper_bound": 9.941931455617578,
                    "seq_lower_bound": 0,
                    "seq_upper_bound": 3
                }
            },
            "support": 0.20382546323968917,
            "confidence": 0.6373831775700934,
            "lift": 2.937581421693571,
            "fitness": 1.1732905355345205
        }
    ],
    "npp_t_tayl": [
        {
            "parameters": {
                "npp_m_nortAir_TempC_Avg": {
                    "lower_bound": -2.5101144731583704,
                    "upper_bound": 13.399698203098449,
                    "seq_lower_bound": 0,
                    "seq_upper_bound": 0
                }
            },
            "support": 0.22713687985654513,
            "confidence": 0.6972477064220184,
            "lift": 2.916238532110092,
            "fitness": 1.4355958097334973
        }
    ],
    "npp_t_west": [
        {
            "parameters": {
                "npp_t_westAir_TempC_Avg": {
                    "lower_bound": -3.1235006092116757,
                    "upper_bound": 11.789984739971533,
                    "seq_lower_bound": 0,
                    "seq_upper_bound": 1
                }
            },
            "support": 0.20322773460848775,
            "confidence": 0.6551059730250481,
            "lift": 3.002718610605221,
            "fitness": 1.258471118013602
        }
    ]
}