,metric,param_index,run_index,indexes,accuracies,false_negatives,false_positives,true_positives,true_negatives
0,0.9264128377760572,2,1,ensemble_or,0.9030624748121008,283,1233,5818,90
1,0.9264128377760572,2,1,ensemble_uniq_or,0.9030624748121008,283,1233,5818,90
2,0.9239905143432492,3,2,ensemble_or,0.8997530827217796,310,1245,5031,78
3,0.9239905143432492,3,2,ensemble_uniq_or,0.8997530827217796,310,1245,5031,78
