,metric,param_index,run_index,indexes,accuracies,false_negatives,false_positives,true_positives,true_negatives
0,0.0669084920891903,1,2,ensemble_or,0.3821109154380202,1225,6781,803,4144
1,0.06852112391500907,3,1,ensemble_or,0.41600580195474496,1060,6576,968,4610
2,0.06852112391500907,3,1,ensemble_uniq_or,0.41612179578900815,1060,6574,968,4060
3,0.06819281636215492,4,3,ensemble_or,0.3282249545038216,1182,7608,846,4048
