{
    "0": [
        {
            "parameters": {
                "Orchestra_RFTN20_CP": {
                    "lower_bound": 0.0,
                    "upper_bound": 0.010440044701387144,
                    "seq_lower_bound": 0,
                    "seq_upper_bound": 0
                }
            },
            "support": 3.6573100484593584e-05,
            "confidence": 0.024390243902439025,
            "lift": 0.164501786853093,
            "fitness": -5.383303667292876e-05
        }
    ],
    "1": [
        {
            "parameters": {
                "Orchestra_RFTN20_RATE": {
                    "lower_bound": 18.946160113491217,
                    "upper_bound": 27.319482027291492,
                    "seq_lower_bound": 0,
                    "seq_upper_bound": 0
                }
            },
            "support": 0.02757611776538356,
            "confidence": 0.1124031007751938,
            "lift": 0.7581109479392542,
            "fitness": 0.012718761659565984
        }
    ],
    "2": [
        {
            "parameters": {
                "Orchestra_RFTN20_RATE": {
                    "lower_bound": 16.56592905401979,
                    "upper_bound": 25.802278457773475,
                    "seq_lower_bound": 0,
                    "seq_upper_bound": 0
                }
            },
            "support": 0.024138246319831764,
            "confidence": 0.08669950738916256,
            "lift": 0.5847511792768074,
            "fitness": 0.015230249380538092
        }
    ],
    "3": [
        {
            "parameters": {
                "Orchestra_RFTN20_RATE": {
                    "lower_bound": 11.453330894696201,
                    "upper_bound": 21.267145871867527,
                    "seq_lower_bound": 0,
                    "seq_upper_bound": 0
                }
            },
            "support": 0.02929505348815946,
            "confidence": 0.09697923603123676,
            "lift": 0.6540835622062385,
            "fitness": 0.017882792214442816
        }
    ],
    "4": [
        {
            "parameters": {
                "Orchestra_RFTN20_RATE": {
                    "lower_bound": 6.147381083558626,
                    "upper_bound": 17.213794501459596,
                    "seq_lower_bound": 0,
                    "seq_upper_bound": 0
                }
            },
            "support": 0.021120965529852792,
            "confidence": 0.09325797335486476,
            "lift": 0.6289852334621089,
            "fitness": 0.013181261266752769
        }
    ],
    "5": [
        {
            "parameters": {
                "Solar8000_VENT_TV": {
                    "lower_bound": 315.5680034987388,
                    "upper_bound": 344.2982748392251,
                    "seq_lower_bound": 0,
                    "seq_upper_bound": 2
                }
            },
            "support": 0.02854530492822529,
            "confidence": 0.09872873316045791,
            "lift": 0.6658831737641392,
            "fitness": 0.008492659625004784
        }
    ],
    "6": [
        {
            "parameters": {
                "Orchestra_RFTN20_RATE": {
                    "lower_bound": 7.740939599438521,
                    "upper_bound": 17.199425673401826,
                    "seq_lower_bound": 0,
                    "seq_upper_bound": 1
                }
            },
            "support": 0.019676328060711346,
            "confidence": 0.08981636060100166,
            "lift": 0.6057730241077671,
            "fitness": 0.012500715688232513
        }
    ],
    "7": [
        {
            "parameters": {
                "Orchestra_RFTN20_RATE": {
                    "lower_bound": 21.703167374818662,
                    "upper_bound": 28.393870170137603,
                    "seq_lower_bound": 0,
                    "seq_upper_bound": 0
                }
            },
            "support": 0.018560848495931242,
            "confidence": 0.10357142857142858,
            "lift": 0.698545087744027,
            "fitness": 0.009224023415873066
        }
    ],
    "8": [
        {
            "parameters": {
                "Orchestra_RFTN20_RATE": {
                    "lower_bound": 12.547018634389095,
                    "upper_bound": 19.867480668307977,
                    "seq_lower_bound": 0,
                    "seq_upper_bound": 0
                }
            },
            "support": 0.025912041693334553,
            "confidence": 0.10251772536535957,
            "lift": 0.6914383092753684,
            "fitness": 0.014737911020968286
        }
    ],
    "9": [
        {
            "parameters": {
                "Orchestra_RFTN20_RATE": {
                    "lower_bound": 20.81479717850634,
                    "upper_bound": 28.792323349780318,
                    "seq_lower_bound": 0,
                    "seq_upper_bound": 0
                }
            },
            "support": 0.020261497668464846,
            "confidence": 0.09861160555357779,
            "lift": 0.6650931980386533,
            "fitness": 0.010983641559404275
        }
    ]
}