{
    "0": [
        {
            "parameters": {
                "SNUADC_ECG_V5": {
                    "lower_bound": 0.029778808129252266,
                    "upper_bound": 0.061693030773099754,
                    "seq_lower_bound": 2,
                    "seq_upper_bound": 8
                }
            },
            "support": 0.28258200652215615,
            "confidence": 0.36124871254107604,
            "lift": 1.0101803001537062,
            "fitness": 0.8700569309505602
        }
    ],
    "1": [
        {
            "parameters": {
                "SNUADC_ECG_V5": {
                    "lower_bound": -0.017070504637923367,
                    "upper_bound": 0.04466433159102898,
                    "seq_lower_bound": 2,
                    "seq_upper_bound": 9
                }
            },
            "support": 0.3132361404181853,
            "confidence": 0.3586032722081915,
            "lift": 1.0027827050433618,
            "fitness": 0.9131288731382033
        }
    ],
    "2": [
        {
            "parameters": {
                "SNUADC_ECG_V5": {
                    "lower_bound": 0.023683936219414056,
                    "upper_bound": 0.0853981081601358,
                    "seq_lower_bound": 0,
                    "seq_upper_bound": 8
                }
            },
            "support": 0.31791010460972524,
            "confidence": 0.35652435486989964,
            "lift": 0.9969693103712587,
            "fitness": 1.492739787198057
        }
    ],
    "3": [
        {
            "parameters": {
                "SNUADC_ECG_II": {
                    "lower_bound": 0.010896489934616227,
                    "upper_bound": 0.04298253602830533,
                    "seq_lower_bound": 1,
                    "seq_upper_bound": 9
                }
            },
            "support": 0.2707718262336567,
            "confidence": 0.35997553267407484,
            "lift": 1.0066200349526206,
            "fitness": 1.1850197304196433
        }
    ],
    "4": [
        {
            "parameters": {
                "SNUADC_FEM": {
                    "lower_bound": 69.04865926944554,
                    "upper_bound": 77.39600303232874,
                    "seq_lower_bound": 4,
                    "seq_upper_bound": 11
                }
            },
            "support": 0.23472131525371645,
            "confidence": 0.37758759191744423,
            "lift": 1.0558696368893161,
            "fitness": 0.8484993398805786
        }
    ],
    "5": [
        {
            "parameters": {
                "SNUADC_ECG_V5": {
                    "lower_bound": 0.010487802889113287,
                    "upper_bound": 0.08318787841079,
                    "seq_lower_bound": 3,
                    "seq_upper_bound": 11
                }
            },
            "support": 0.33644285769127413,
            "confidence": 0.35846779966051084,
            "lift": 1.0024038754610611,
            "fitness": 1.3869443121321372
        }
    ],
    "6": [
        {
            "parameters": {
                "SNUADC_ECG_II": {
                    "lower_bound": 0.025745704437237116,
                    "upper_bound": 0.06451618373340001,
                    "seq_lower_bound": 4,
                    "seq_upper_bound": 12
                }
            },
            "support": 0.29483732186071526,
            "confidence": 0.3611405180323241,
            "lift": 1.0098777497015337,
            "fitness": 1.1060423039512302
        }
    ],
    "7": [
        {
            "parameters": {
                "SNUADC_ART": {
                    "lower_bound": 56.34599905213557,
                    "upper_bound": 64.61079123015408,
                    "seq_lower_bound": 0,
                    "seq_upper_bound": 10
                }
            },
            "support": 0.25273019887343373,
            "confidence": 0.3940199534022343,
            "lift": 1.1018203829561328,
            "fitness": 1.102887291906288
        }
    ],
    "8": [
        {
            "parameters": {
                "SNUADC_ECG_V5": {
                    "lower_bound": 0.009892024996537518,
                    "upper_bound": 0.051241315427657835,
                    "seq_lower_bound": 0,
                    "seq_upper_bound": 5
                }
            },
            "support": 0.289266965551596,
            "confidence": 0.36207971605352773,
            "lift": 1.0125040824911775,
            "fitness": 1.4792505715123003
        }
    ],
    "9": [
        {
            "parameters": {
                "SNUADC_ECG_II": {
                    "lower_bound": 0.005718594830971924,
                    "upper_bound": 0.04467389162214404,
                    "seq_lower_bound": 0,
                    "seq_upper_bound": 7
                }
            },
            "support": 0.2908763459401464,
            "confidence": 0.3616656343799133,
            "lift": 1.0113461623801336,
            "fitness": 1.395176582588192
        }
    ]
}