,metric,param_index,run_index,indexes,accuracies,false_negatives,false_positives,true_positives,true_negatives
0,0.5178448338940951,4,1,ensemble_or,0.5397711487518623,328,5946,3637,430
1,0.5178448338940951,4,1,ensemble_uniq_or,0.5397711487518623,328,5946,3637,430
2,0.5184868675410305,4,2,ensemble_or,0.5541217057466372,296,5817,3729,559
3,0.5184868675410305,4,2,ensemble_uniq_or,0.5541217057466372,296,5817,3729,559
