{
    "0": [
        {
            "parameters": {
                "SNUADC_ECG_V5": {
                    "lower_bound": 0.03945101289163766,
                    "upper_bound": 0.08138147195753681,
                    "seq_lower_bound": 0,
                    "seq_upper_bound": 1
                }
            },
            "support": 0.23798116485325044,
            "confidence": 0.5038327526132405,
            "lift": 0.9433710222781295,
            "fitness": 0.05941454877447623
        }
    ],
    "1": [
        {
            "parameters": {
                "SNUADC_ECG_V5": {
                    "lower_bound": 0.022663713582587786,
                    "upper_bound": 0.05850368275126914,
                    "seq_lower_bound": 0,
                    "seq_upper_bound": 2
                }
            },
            "support": 0.23006308859833594,
            "confidence": 0.5061147316759192,
            "lift": 0.947643775309787,
            "fitness": 0.05393832725341655
        }
    ],
    "2": [
        {
            "parameters": {
                "SNUADC_ECG_II": {
                    "lower_bound": -0.005093748262875231,
                    "upper_bound": 0.0366399561583582,
                    "seq_lower_bound": 0,
                    "seq_upper_bound": 1
                }
            },
            "support": 0.19345341501325775,
            "confidence": 0.5513916397373084,
            "lift": 1.0324197705620322,
            "fitness": 0.03035387211234194
        }
    ],
    "3": [
        {
            "parameters": {
                "SNUADC_ECG_V5": {
                    "lower_bound": 0.01254174382044173,
                    "upper_bound": 0.047136082209835894,
                    "seq_lower_bound": 0,
                    "seq_upper_bound": 2
                }
            },
            "support": 0.2136417664807534,
            "confidence": 0.503621001810501,
            "lift": 0.9429745423545587,
            "fitness": 0.04017757717467989
        }
    ],
    "4": [
        {
            "parameters": {
                "SNUADC_ECG_V5": {
                    "lower_bound": 0.01579776577505022,
                    "upper_bound": 0.08033345369904854,
                    "seq_lower_bound": 0,
                    "seq_upper_bound": 0
                }
            },
            "support": 0.2034927310962787,
            "confidence": 0.5029149907353008,
            "lift": 0.9416526148175005,
            "fitness": 1.3217085183298833
        }
    ],
    "5": [
        {
            "parameters": {
                "SNUADC_ECG_II": {
                    "lower_bound": 0.01544245071770673,
                    "upper_bound": 0.043300980060205774,
                    "seq_lower_bound": 0,
                    "seq_upper_bound": 2
                }
            },
            "support": 0.23105056231141996,
            "confidence": 0.5518190155915622,
            "lift": 1.0332199845108736,
            "fitness": 1.4849919948393908
        }
    ],
    "6": [
        {
            "parameters": {
                "SNUADC_ECG_II": {
                    "lower_bound": -0.028861144193109055,
                    "upper_bound": 0.05308384251603382,
                    "seq_lower_bound": 0,
                    "seq_upper_bound": 0
                }
            },
            "support": 0.23006308859833594,
            "confidence": 0.5518466532151943,
            "lift": 1.033271732899846,
            "fitness": 1.4799767761077316
        }
    ],
    "7": [
        {
            "parameters": {
                "SNUADC_ECG_II": {
                    "lower_bound": 0.018306584565130214,
                    "upper_bound": 0.04146069853975476,
                    "seq_lower_bound": 0,
                    "seq_upper_bound": 2
                }
            },
            "support": 0.23105056231141996,
            "confidence": 0.5518190155915622,
            "lift": 1.0332199845108736,
            "fitness": 1.485010212399692
        }
    ],
    "8": [
        {
            "parameters": {
                "SNUADC_ECG_V5": {
                    "lower_bound": 0.005498186320242373,
                    "upper_bound": 0.0778622105386666,
                    "seq_lower_bound": 0,
                    "seq_upper_bound": 0
                }
            },
            "support": 0.20413276035475908,
            "confidence": 0.5047476939772111,
            "lift": 0.9450841486387656,
            "fitness": 1.3261967711484886
        }
    ],
    "9": [
        {
            "parameters": {
                "SNUADC_ECG_II": {
                    "lower_bound": -0.015413284774730876,
                    "upper_bound": 0.024300040775195875,
                    "seq_lower_bound": 0,
                    "seq_upper_bound": 2
                }
            },
            "support": 0.2352747554173905,
            "confidence": 0.5465358311031817,
            "lift": 1.0233278067478426,
            "fitness": 1.5026702469814432
        }
    ]
}