{
    "npp_c_cali": [
        {
            "parameters": {
                "Air_TempC_Avg": {
                    "lower_bound": -3.62,
                    "upper_bound": 9.922552885964896
                }
            },
            "support": 0.11684885035808519,
            "confidence": 0.5904761904761905,
            "lift": 4.488634192932188,
            "fitness": 0.8444705763822831
        }
    ],
    "npp_c_grav": [
        {
            "parameters": {
                "Air_TempC_Avg": {
                    "lower_bound": -3.37,
                    "upper_bound": 10.111356485364537
                }
            },
            "support": 0.13850724099517267,
            "confidence": 0.648695652173913,
            "lift": 4.1593747412008275,
            "fitness": 0.9820124416024872
        }
    ],
    "npp_c_sand": [
        {
            "parameters": {
                "Air_TempC_Avg": {
                    "lower_bound": -1.631106792515471,
                    "upper_bound": 8.404328861628747
                },
                "Air_TempC_Max": {
                    "lower_bound": 4.135146375729898,
                    "upper_bound": 18.97839270118015
                }
            },
            "support": 0.11472926921620598,
            "confidence": 0.6981566820276498,
            "lift": 4.5980842823816035,
            "fitness": 0.8855533977368855
        }
    ],
    "npp_g_basn": [
        {
            "parameters": {
                "Air_TempC_Min": {
                    "lower_bound": -13.67661456493604,
                    "upper_bound": 3.50037353663994
                },
                "Air_TempC_Avg": {
                    "lower_bound": -5.611586339523116,
                    "upper_bound": 12.214747387801262
                }
            },
            "support": 0.1996343692870201,
            "confidence": 0.7289719626168224,
            "lift": 3.257742349276159,
            "fitness": 1.3179565874911043
        }
    ],
    "npp_g_ibpe": [
        {
            "parameters": {
                "Air_TempC_Avg": {
                    "lower_bound": -4.342483066820342,
                    "upper_bound": 14.03383274693571
                },
                "Air_TempC_Min": {
                    "lower_bound": -14.454180762165594,
                    "upper_bound": 5.666172963713495
                }
            },
            "support": 0.26008804108584005,
            "confidence": 0.686350435624395,
            "lift": 2.5249545040649135,
            "fitness": 1.5913614440698765
        }
    ],
    "npp_g_summ": [
        {
            "parameters": {
                "Air_TempC_Avg": {
                    "lower_bound": -2.97,
                    "upper_bound": 7.309955166137077
                }
            },
            "support": 0.06067251461988304,
            "confidence": 0.6666666666666666,
            "lift": 7.384615384615384,
            "fitness": 0.6098342519615253
        }
    ],
    "npp_m_nort": [
        {
            "parameters": {
                "Air_TempC_Avg": {
                    "lower_bound": -3.1879197899086256,
                    "upper_bound": 11.021079582288099
                },
                "Air_TempC_Max": {
                    "lower_bound": 5.6208804752395665,
                    "upper_bound": 25.037221259694036
                }
            },
            "support": 0.17281695286810375,
            "confidence": 0.7188449848024316,
            "lift": 3.5968532420553117,
            "fitness": 1.1746574369223053
        }
    ],
    "npp_m_rabb": [
        {
            "parameters": {
                "Ppt_mm_Tot": {
                    "lower_bound": 0.0,
                    "upper_bound": 1.2077605983930986
                },
                "Air_TempC_Avg": {
                    "lower_bound": -0.3506757066294872,
                    "upper_bound": 10.979827161664957
                }
            },
            "support": 0.19605077574047955,
            "confidence": 0.7459749552772809,
            "lift": 3.005092291429501,
            "fitness": 1.3304990543000283
        }
    ],
    "npp_m_well": [
        {
            "parameters": {
                "Air_TempC_Avg": {
                    "lower_bound": -5.69661170962779,
                    "upper_bound": 13.873712680659553
                },
                "Air_TempC_Min": {
                    "lower_bound": -14.427533180455956,
                    "upper_bound": 5.695530504937715
                }
            },
            "support": 0.23994093761535623,
            "confidence": 0.6951871657754011,
            "lift": 2.7695029883611197,
            "fitness": 1.4945268768444138
        }
    ],
    "npp_p_coll": [
        {
            "parameters": {
                "Air_TempC_Max": {
                    "lower_bound": 2.8609152481648072,
                    "upper_bound": 25.88683821726142
                },
                "Air_TempC_Min": {
                    "lower_bound": -15.73,
                    "upper_bound": 5.466925477753335
                }
            },
            "support": 0.24351005484460694,
            "confidence": 0.676829268292683,
            "lift": 2.599898944916416,
            "fitness": 1.5006546976502688
        }
    ],
    "npp_p_smal": [
        {
            "parameters": {
                "Air_TempC_Avg": {
                    "lower_bound": -5.23,
                    "upper_bound": 15.03247189154342
                }
            },
            "support": 0.25283921099820683,
            "confidence": 0.6558139534883721,
            "lift": 2.516460422445061,
            "fitness": 1.8289937949571424
        }
    ],
    "npp_p_tobo": [
        {
            "parameters": {
                "Air_TempC_Min": {
                    "lower_bound": -15.46,
                    "upper_bound": 6.182934209977152
                },
                "Air_TempC_Avg": {
                    "lower_bound": -3.0701952140992015,
                    "upper_bound": 13.511093709589115
                }
            },
            "support": 0.2603503184713376,
            "confidence": 0.7414965986394558,
            "lift": 2.668537902266924,
            "fitness": 1.6185599612326225
        }
    ],
    "npp_t_east": [
        {
            "parameters": {
                "Air_TempC_Avg": {
                    "lower_bound": -5.58,
                    "upper_bound": 12.505682702717596
                }
            },
            "support": 0.22181551976573938,
            "confidence": 0.6917808219178082,
            "lift": 2.9256117731880065,
            "fitness": 1.4081260447455974
        }
    ],
    "npp_t_tayl": [
        {
            "parameters": {
                "Air_TempC_Avg": {
                    "lower_bound": -4.848685458987094,
                    "upper_bound": 11.855059956287395
                }
            },
            "support": 0.22311926605504587,
            "confidence": 0.7212336892052195,
            "lift": 2.937760542726791,
            "fitness": 1.689173022504962
        }
    ],
    "npp_t_west": [
        {
            "parameters": {
                "Air_TempC_Avg": {
                    "lower_bound": -6.03,
                    "upper_bound": 12.820538942685845
                }
            },
            "support": 0.2342606149341142,
            "confidence": 0.6903991370010788,
            "lift": 2.769706963710642,
            "fitness": 1.4684513076047432
        }
    ]
}