,metric,param_index,run_index,indexes,accuracies,false_negatives,false_positives,true_positives,true_negatives
0,0.8090176910209869,1,1,ensemble_or,0.7461396749498309,2218,965,6968,358
1,0.8090176910209869,1,1,ensemble_uniq_or,0.7461396749498309,2218,965,6968,358
2,0.8104957476076842,2,3,ensemble_or,0.7410012890115572,2166,1124,6947,199
3,0.8104957476076842,2,3,ensemble_uniq_or,0.7410012890115572,2166,1124,6947,199
