,metric,param_index,run_index,indexes,accuracies,false_negatives,false_positives,true_positives,true_negatives
0,0.5281835708869407,4,1,ensemble_or,0.5274177252256546,32,6370,3777,6
1,0.5281835708869407,4,1,ensemble_uniq_or,0.5274177252256546,32,6370,3777,6
2,0.5279826994235234,4,2,ensemble_or,0.5284716792919388,40,6354,4623,22
3,0.5279826994235234,4,2,ensemble_uniq_or,0.5284716792919388,40,6354,4623,22
