{
    "0": [
        {
            "parameters": {
                "Solar8000_VENT_INSP_TM": {
                    "lower_bound": 1.0,
                    "upper_bound": 1.0,
                    "seq_lower_bound": 3,
                    "seq_upper_bound": 3
                }
            },
            "support": 0.04864151842148654,
            "confidence": 0.6294452347083926,
            "lift": 1.178566481545862,
            "fitness": 0.006560570389511666
        }
    ],
    "1": [
        {
            "parameters": {
                "Solar8000_VENT_INSP_TM": {
                    "lower_bound": 1.0,
                    "upper_bound": 1.0,
                    "seq_lower_bound": 8,
                    "seq_upper_bound": 8
                }
            },
            "support": 0.048701597044823845,
            "confidence": 0.6320057238254233,
            "lift": 1.183360713805152,
            "fitness": 0.006609751778955177
        }
    ],
    "2": [
        {
            "parameters": {
                "Solar8000_VENT_INSP_TM": {
                    "lower_bound": 1.0,
                    "upper_bound": 1.0,
                    "seq_lower_bound": 8,
                    "seq_upper_bound": 8
                }
            },
            "support": 0.048701597044823845,
            "confidence": 0.6320057238254233,
            "lift": 1.183360713805152,
            "fitness": 0.006609751778955177
        }
    ],
    "3": [
        {
            "parameters": {
                "Solar8000_VENT_INSP_TM": {
                    "lower_bound": 1.0,
                    "upper_bound": 1.0,
                    "seq_lower_bound": 9,
                    "seq_upper_bound": 9
                }
            },
            "support": 0.04871365784585961,
            "confidence": 0.6325214899713467,
            "lift": 1.1843264287846023,
            "fitness": 0.0066196849508755075
        }
    ],
    "4": [
        {
            "parameters": {
                "Solar8000_VENT_INSP_TM": {
                    "lower_bound": 1.0,
                    "upper_bound": 1.0,
                    "seq_lower_bound": 9,
                    "seq_upper_bound": 9
                }
            },
            "support": 0.04871365784585961,
            "confidence": 0.6325214899713467,
            "lift": 1.1843264287846023,
            "fitness": 0.6782616770934317
        }
    ],
    "5": [
        {
            "parameters": {
                "Solar8000_VENT_INSP_TM": {
                    "lower_bound": 1.0,
                    "upper_bound": 1.0,
                    "seq_lower_bound": 8,
                    "seq_upper_bound": 8
                }
            },
            "support": 0.048701597044823845,
            "confidence": 0.6320057238254233,
            "lift": 1.183360713805152,
            "fitness": 0.6778469185173461
        }
    ],
    "6": [
        {
            "parameters": {
                "Solar8000_VENT_INSP_TM": {
                    "lower_bound": 1.0,
                    "upper_bound": 1.0,
                    "seq_lower_bound": 12,
                    "seq_upper_bound": 12
                }
            },
            "support": 0.04874993090996186,
            "confidence": 0.6340762041696621,
            "lift": 1.1872374589131676,
            "fitness": 0.6795115025259572
        }
    ],
    "7": [
        {
            "parameters": {
                "Solar8000_VENT_INSP_TM": {
                    "lower_bound": 1.0,
                    "upper_bound": 1.0,
                    "seq_lower_bound": 11,
                    "seq_upper_bound": 11
                }
            },
            "support": 0.04873782475005063,
            "confidence": 0.6335567257060795,
            "lift": 1.186264793030095,
            "fitness": 0.6790939659063023
        }
    ],
    "8": [
        {
            "parameters": {
                "Solar8000_VENT_INSP_TM": {
                    "lower_bound": 1.0,
                    "upper_bound": 1.0,
                    "seq_lower_bound": 7,
                    "seq_upper_bound": 7
                }
            },
            "support": 0.048689551306775394,
            "confidence": 0.6314911862791805,
            "lift": 1.1823972992425182,
            "fitness": 0.677433079597719
        }
    ],
    "9": [
        {
            "parameters": {
                "Solar8000_VENT_INSP_TM": {
                    "lower_bound": 1.0,
                    "upper_bound": 1.0,
                    "seq_lower_bound": 0,
                    "seq_upper_bound": 2
                }
            },
            "support": 0.048825089146932434,
            "confidence": 0.6286790675771132,
            "lift": 1.1771319184569757,
            "fitness": 0.5928448380355831
        }
    ]
}