,best_index,param_index,run,f1,accuracy,false_negatives
0,"['0', '5']",1,1,0.6700507614213198,"[0.8448687350835322, 0.8448687350835322]","[62, 62]"
