,best_index,param_index,run,f1,accuracy,false_negatives
0,"['0', '1', '2']",2,3,0.6767676767676768,"[0.8472553699284008, 0.8472553699284008, 0.8472553699284008]","[58, 58, 58]"
