{
    "npp_c_cali": [
        {
            "parameters": {
                "npp_m_rabbPpt_mm_Tot": {
                    "lower_bound": 0.0,
                    "upper_bound": 0.0007290725958637389
                }
            },
            "support": 0.08906156604901375,
            "confidence": 0.10704022988505747,
            "lift": 1.041152933707565,
            "fitness": 0.49875503792801107
        }
    ],
    "npp_c_grav": [
        {
            "parameters": {
                "npp_m_rabbPpt_mm_Tot": {
                    "lower_bound": 0.0,
                    "upper_bound": 0.0
                }
            },
            "support": 0.11835026897788405,
            "confidence": 0.14224137931034483,
            "lift": 1.0483252316572993,
            "fitness": 0.6628720345445926
        }
    ],
    "npp_c_sand": [
        {
            "parameters": {
                "npp_g_ibpePpt_mm_Tot": {
                    "lower_bound": 0.0,
                    "upper_bound": 0.0001517273353524029
                }
            },
            "support": 0.11237298266586969,
            "confidence": 0.13895048041389504,
            "lift": 1.0566552442383927,
            "fitness": 0.6313249808027607
        }
    ],
    "npp_g_basn": [
        {
            "parameters": {
                "npp_g_basnPpt_mm_Tot": {
                    "lower_bound": 0.0,
                    "upper_bound": 0.001340155810709679
                }
            },
            "support": 0.18051404662283324,
            "confidence": 0.21931735657225854,
            "lift": 1.0791704045452604,
            "fitness": 1.0208780774631823
        }
    ],
    "npp_g_ibpe": [
        {
            "parameters": {
                "npp_g_basnPpt_mm_Tot": {
                    "lower_bound": 0.0,
                    "upper_bound": 0.0014047104189794934
                }
            },
            "support": 0.2044231918708906,
            "confidence": 0.24836601307189543,
            "lift": 1.0709184017249511,
            "fitness": 1.1491628051723246
        }
    ],
    "npp_g_summ": [
        {
            "parameters": {
                "npp_p_collAir_TempC_Avg": {
                    "lower_bound": 0.105614298890394,
                    "upper_bound": 0.11019081014875642
                }
            },
            "support": 0.0005977286312014345,
            "confidence": 1.0,
            "lift": 13.71311475409836,
            "fitness": 0.9890054160601736
        }
    ],
    "npp_m_nort": [
        {
            "parameters": {
                "npp_g_basnPpt_mm_Tot": {
                    "lower_bound": 0.0,
                    "upper_bound": 0.004784227701016164
                }
            },
            "support": 0.19067543335325762,
            "confidence": 0.23166303558460422,
            "lift": 1.0856365785239295,
            "fitness": 1.0830818570678526
        }
    ],
    "npp_m_rabb": [
        {
            "parameters": {
                "npp_g_basnPpt_mm_Tot": {
                    "lower_bound": 0.0,
                    "upper_bound": 7.085422164399002e-05
                }
            },
            "support": 0.200836820083682,
            "confidence": 0.2440087145969499,
            "lift": 1.0915149185045379,
            "fitness": 1.146156329015924
        }
    ],
    "npp_m_well": [
        {
            "parameters": {
                "npp_g_ibpePpt_mm_Tot": {
                    "lower_bound": 0.0,
                    "upper_bound": 0.001441545987316939
                }
            },
            "support": 0.20023909145248056,
            "confidence": 0.24759793052475979,
            "lift": 1.0815439628405303,
            "fitness": 1.1231730401111586
        }
    ],
    "npp_p_coll": [
        {
            "parameters": {
                "npp_g_summPpt_mm_Tot": {
                    "lower_bound": 0.0,
                    "upper_bound": 0.0
                }
            },
            "support": 0.21876867901972505,
            "confidence": 0.2619899785254116,
            "lift": 1.0716607190049234,
            "fitness": 1.2408327232835945
        }
    ],
    "npp_p_smal": [
        {
            "parameters": {
                "npp_g_summPpt_mm_Tot": {
                    "lower_bound": 0.0,
                    "upper_bound": 0.0033307999352271134
                }
            },
            "support": 0.23132098027495518,
            "confidence": 0.2770221904080172,
            "lift": 1.0629773498913138,
            "fitness": 1.3033085985613713
        }
    ],
    "npp_p_tobo": [
        {
            "parameters": {
                "npp_g_summPpt_mm_Tot": {
                    "lower_bound": 0.0,
                    "upper_bound": 0.0
                }
            },
            "support": 0.24686192468619247,
            "confidence": 0.2956335003579098,
            "lift": 1.070551614932431,
            "fitness": 1.3990314970613458
        }
    ],
    "npp_t_east": [
        {
            "parameters": {
                "npp_g_summPpt_mm_Tot": {
                    "lower_bound": 0.0,
                    "upper_bound": 0.0027866088561178115
                }
            },
            "support": 0.1954572624028691,
            "confidence": 0.23407301360057264,
            "lift": 1.0787993161260552,
            "fitness": 1.1141597081659
        }
    ],
    "npp_t_tayl": [
        {
            "parameters": {
                "npp_g_summPpt_mm_Tot": {
                    "lower_bound": 0.0,
                    "upper_bound": 0.0013413112490454045
                }
            },
            "support": 0.2127913927077107,
            "confidence": 0.25483178239083754,
            "lift": 1.065833929849678,
            "fitness": 1.2016193488152456
        }
    ],
    "npp_t_west": [
        {
            "parameters": {
                "npp_g_basnPpt_mm_Tot": {
                    "lower_bound": 0.0,
                    "upper_bound": 0.002120775725535373
                }
            },
            "support": 0.19485953377166768,
            "confidence": 0.23674655047204066,
            "lift": 1.0851424080540384,
            "fitness": 1.1067291031674824
        }
    ]
}