{
    "npp_c_cali": [
        {
            "parameters": {
                "npp_p_smalPpt_mm_Tot": {
                    "lower_bound": 0.0,
                    "upper_bound": 0.0037808142954163185
                }
            },
            "support": 0.09085475194261805,
            "confidence": 0.1095890410958904,
            "lift": 1.0659445683338642,
            "fitness": 0.5086901988314938
        }
    ],
    "npp_c_grav": [
        {
            "parameters": {
                "npp_m_wellPpt_mm_Tot": {
                    "lower_bound": 0.0,
                    "upper_bound": 0.0008970148031829384
                }
            },
            "support": 0.12074118350268978,
            "confidence": 0.14397719173200285,
            "lift": 1.0611182456724264,
            "fitness": 0.675604811899132
        }
    ],
    "npp_c_sand": [
        {
            "parameters": {
                "npp_g_summPpt_mm_Tot": {
                    "lower_bound": 0.0,
                    "upper_bound": 0.0011171797967550762
                }
            },
            "support": 0.1159593544530783,
            "confidence": 0.1388690050107373,
            "lift": 1.0560356608316521,
            "fitness": 0.6491195567910847
        }
    ],
    "npp_g_basn": [
        {
            "parameters": {
                "npp_g_basnPpt_mm_Tot": {
                    "lower_bound": 0.0,
                    "upper_bound": 0.0
                }
            },
            "support": 0.18051404662283324,
            "confidence": 0.21931735657225854,
            "lift": 1.0791704045452604,
            "fitness": 1.0122289114002954
        }
    ],
    "npp_g_ibpe": [
        {
            "parameters": {
                "npp_g_summPpt_mm_Tot": {
                    "lower_bound": 0.0,
                    "upper_bound": 0.0
                }
            },
            "support": 0.20621637776449492,
            "confidence": 0.24695776664280603,
            "lift": 1.0648462463747796,
            "fitness": 1.1545607721438778
        }
    ],
    "npp_g_summ": [
        {
            "parameters": {
                "npp_t_westAir_TempC_Min": {
                    "lower_bound": 0.02672213329203444,
                    "upper_bound": 0.030439708942099686
                }
            },
            "support": 0.0005977286312014345,
            "confidence": 1.0,
            "lift": 13.71311475409836,
            "fitness": 0.49994467226179723
        }
    ],
    "npp_m_nort": [
        {
            "parameters": {
                "npp_g_summPpt_mm_Tot": {
                    "lower_bound": 0.0,
                    "upper_bound": 0.003776347046472117
                }
            },
            "support": 0.19127316198445907,
            "confidence": 0.2290622763063708,
            "lift": 1.0734487066122083,
            "fitness": 1.0705193133708337
        }
    ],
    "npp_m_rabb": [
        {
            "parameters": {
                "npp_g_basnPpt_mm_Tot": {
                    "lower_bound": 0.0,
                    "upper_bound": 0.0008472603472519102
                }
            },
            "support": 0.200836820083682,
            "confidence": 0.2440087145969499,
            "lift": 1.0915149185045379,
            "fitness": 1.1261037316821598
        }
    ],
    "npp_m_well": [
        {
            "parameters": {
                "npp_g_basnPpt_mm_Tot": {
                    "lower_bound": 0.0,
                    "upper_bound": 0.0025343599304359365
                }
            },
            "support": 0.20382546323968917,
            "confidence": 0.2476397966594045,
            "lift": 1.0817268402380775,
            "fitness": 1.1426937785351046
        }
    ],
    "npp_p_coll": [
        {
            "parameters": {
                "npp_g_summPpt_mm_Tot": {
                    "lower_bound": 0.0,
                    "upper_bound": 0.0015645254294592847
                }
            },
            "support": 0.21876867901972505,
            "confidence": 0.2619899785254116,
            "lift": 1.0716607190049234,
            "fitness": 1.2246819318183852
        }
    ],
    "npp_p_smal": [
        {
            "parameters": {
                "npp_g_summPpt_mm_Tot": {
                    "lower_bound": 0.0,
                    "upper_bound": 0.00041703469229714685
                }
            },
            "support": 0.23132098027495518,
            "confidence": 0.2770221904080172,
            "lift": 1.0629773498913138,
            "fitness": 1.2950742931095547
        }
    ],
    "npp_p_tobo": [
        {
            "parameters": {
                "npp_g_summPpt_mm_Tot": {
                    "lower_bound": 0.0,
                    "upper_bound": 0.005933180361065382
                }
            },
            "support": 0.24686192468619247,
            "confidence": 0.2956335003579098,
            "lift": 1.070551614932431,
            "fitness": 1.3815330555738106
        }
    ],
    "npp_t_east": [
        {
            "parameters": {
                "npp_p_smalPpt_mm_Tot": {
                    "lower_bound": 0.0,
                    "upper_bound": 0.018314132300326746
                }
            },
            "support": 0.1954572624028691,
            "confidence": 0.2357606344628695,
            "lift": 1.0865772491911312,
            "fitness": 1.0933352160157475
        }
    ],
    "npp_t_tayl": [
        {
            "parameters": {
                "npp_g_summPpt_mm_Tot": {
                    "lower_bound": 0.0,
                    "upper_bound": 0.008351634876776926
                }
            },
            "support": 0.2127913927077107,
            "confidence": 0.25483178239083754,
            "lift": 1.065833929849678,
            "fitness": 1.1905376912462946
        }
    ],
    "npp_t_west": [
        {
            "parameters": {
                "npp_g_basnPpt_mm_Tot": {
                    "lower_bound": 0.0,
                    "upper_bound": 0.0009543769702586805
                }
            },
            "support": 0.19485953377166768,
            "confidence": 0.23674655047204066,
            "lift": 1.0851424080540384,
            "fitness": 1.0925755063973328
        }
    ]
}