,best_index,param_index,run,f1,accuracy,false_negatives,average_f1
0,['0'],1,1,0.9936708860759492,[0.9952267303102624],[2],0.7980650756660913
