{
    "npp_c_cali": [
        {
            "parameters": {
                "Air_TempC_Avg": {
                    "lower_bound": 4.712111848120026,
                    "upper_bound": 7.545560674490076,
                    "seq_lower_bound": 0,
                    "seq_upper_bound": 5
                }
            },
            "support": 0.10441010177157935,
            "confidence": 0.49113475177304966,
            "lift": 3.7334684712146156,
            "fitness": 0.5304180553550124
        }
    ],
    "npp_c_grav": [
        {
            "parameters": {
                "Air_TempC_Max": {
                    "lower_bound": 11.223063724619152,
                    "upper_bound": 14.393542545779521,
                    "seq_lower_bound": 0,
                    "seq_upper_bound": 2
                }
            },
            "support": 0.07500928332714445,
            "confidence": 0.592375366568915,
            "lift": 3.798254433738305,
            "fitness": 0.5553464210087858
        }
    ],
    "npp_c_sand": [
        {
            "parameters": {
                "Air_TempC_Max": {
                    "lower_bound": 11.526826362725041,
                    "upper_bound": 14.525708670316302,
                    "seq_lower_bound": 0,
                    "seq_upper_bound": 4
                }
            },
            "support": 0.10336993563044301,
            "confidence": 0.5342465753424658,
            "lift": 3.5185665972056164,
            "fitness": 0.5844822801555348
        }
    ],
    "npp_g_basn": [
        {
            "parameters": {
                "Air_TempC_Min": {
                    "lower_bound": -6.365005439675578,
                    "upper_bound": -2.251289671170052,
                    "seq_lower_bound": 0,
                    "seq_upper_bound": 8
                }
            },
            "support": 0.19524680073126144,
            "confidence": 0.6027088036117382,
            "lift": 2.6934780684282744,
            "fitness": 1.1822046354097582
        }
    ],
    "npp_g_ibpe": [
        {
            "parameters": {
                "Air_TempC_Min": {
                    "lower_bound": -5.63998419833211,
                    "upper_bound": -2.402306696321137,
                    "seq_lower_bound": 0,
                    "seq_upper_bound": 6
                }
            },
            "support": 0.21423330887747616,
            "confidence": 0.6598870056497175,
            "lift": 2.4276005093132658,
            "fitness": 1.3585575852522314
        }
    ],
    "npp_g_summ": [
        {
            "parameters": {
                "Air_TempC_Avg": {
                    "lower_bound": -2.97,
                    "upper_bound": -1.2654738981750677,
                    "seq_lower_bound": 0,
                    "seq_upper_bound": 0
                }
            },
            "support": 0.0010964912280701754,
            "confidence": 1.0,
            "lift": 11.076923076923077,
            "fitness": 1.6087208153042425
        }
    ],
    "npp_m_nort": [
        {
            "parameters": {
                "Air_TempC_Avg": {
                    "lower_bound": 3.189986481386845,
                    "upper_bound": 10.986114754052519,
                    "seq_lower_bound": 0,
                    "seq_upper_bound": 3
                }
            },
            "support": 0.17975886006576544,
            "confidence": 0.5934861278648975,
            "lift": 2.969600606885237,
            "fitness": 1.0281026455990188
        }
    ],
    "npp_m_rabb": [
        {
            "parameters": {
                "Air_TempC_Min": {
                    "lower_bound": -4.456155863500905,
                    "upper_bound": -1.728352093220705,
                    "seq_lower_bound": 0,
                    "seq_upper_bound": 9
                }
            },
            "support": 0.20263281617301362,
            "confidence": 0.564875491480996,
            "lift": 2.275549565113785,
            "fitness": 0.8907375240996582
        }
    ],
    "npp_m_well": [
        {
            "parameters": {
                "Air_TempC_Min": {
                    "lower_bound": -4.462694450596269,
                    "upper_bound": -1.5303232700745255,
                    "seq_lower_bound": 0,
                    "seq_upper_bound": 9
                }
            },
            "support": 0.21410114433370248,
            "confidence": 0.6256742179072277,
            "lift": 2.4925756710451172,
            "fitness": 0.971527435623475
        }
    ],
    "npp_p_coll": [
        {
            "parameters": {
                "Air_TempC_Avg": {
                    "lower_bound": 6.153016096045965,
                    "upper_bound": 9.412254155453597,
                    "seq_lower_bound": 0,
                    "seq_upper_bound": 9
                }
            },
            "support": 0.2149908592321755,
            "confidence": 0.6242038216560509,
            "lift": 2.3977492306591284,
            "fitness": 1.2130908095860649
        }
    ],
    "npp_p_smal": [
        {
            "parameters": {
                "Air_TempC_Avg": {
                    "lower_bound": 4.875857780735931,
                    "upper_bound": 9.782778480726009,
                    "seq_lower_bound": 0,
                    "seq_upper_bound": 5
                }
            },
            "support": 0.21040047818290497,
            "confidence": 0.665406427221172,
            "lift": 2.5532682402316995,
            "fitness": 1.1368649594003934
        }
    ],
    "npp_p_tobo": [
        {
            "parameters": {
                "Air_TempC_Avg": {
                    "lower_bound": 3.678518242165866,
                    "upper_bound": 7.034920652609733,
                    "seq_lower_bound": 0,
                    "seq_upper_bound": 10
                }
            },
            "support": 0.23288216560509553,
            "confidence": 0.7423857868020305,
            "lift": 2.6717379605253586,
            "fitness": 1.0801866423562259
        }
    ],
    "npp_t_east": [
        {
            "parameters": {
                "Air_TempC_Avg": {
                    "lower_bound": 5.713119006434673,
                    "upper_bound": 9.417980751058101,
                    "seq_lower_bound": 0,
                    "seq_upper_bound": 6
                }
            },
            "support": 0.18448023426061494,
            "confidence": 0.5964497041420118,
            "lift": 2.5224467364024403,
            "fitness": 0.9317812143840312
        }
    ],
    "npp_t_tayl": [
        {
            "parameters": {
                "Air_TempC_Avg": {
                    "lower_bound": 4.194447110420741,
                    "upper_bound": 9.042715609702784,
                    "seq_lower_bound": 0,
                    "seq_upper_bound": 5
                }
            },
            "support": 0.19853211009174312,
            "confidence": 0.6364705882352941,
            "lift": 2.592499780181131,
            "fitness": 1.3231567408539389
        }
    ],
    "npp_t_west": [
        {
            "parameters": {
                "Air_TempC_Avg": {
                    "lower_bound": 4.864884933688803,
                    "upper_bound": 7.728497414422356,
                    "seq_lower_bound": 0,
                    "seq_upper_bound": 8
                }
            },
            "support": 0.19802342606149342,
            "confidence": 0.6962676962676962,
            "lift": 2.7932501412677624,
            "fitness": 1.2491712918770668
        }
    ]
}